,name,reviews,link
0,Adria Airways,595,https://www.tripadvisor.com/Airline_Review-d8728984-Reviews-Adria-Airways
1,Advanced Air,1,https://www.tripadvisor.com/Airline_Review-d17550095-Reviews-Advanced-Air
2,Aegean Airlines,9739,https://www.tripadvisor.com/Airline_Review-d8728985-Reviews-Aegean-Airlines
3,Aer Lingus,10106,https://www.tripadvisor.com/Airline_Review-d8728986-Reviews-Aer-Lingus
4,Aero Mongolia,11,https://www.tripadvisor.com/Airline_Review-d13804006-Reviews-Aero-Mongolia
5,Aeroflot,13280,https://www.tripadvisor.com/Airline_Review-d8728987-Reviews-Aeroflot
6,Aerogaviota,25,https://www.tripadvisor.com/Airline_Review-d11831132-Reviews-Aerogaviota
7,Aerolinea de Antioquia,14,https://www.tripadvisor.com/Airline_Review-d11831129-Reviews-Aerolinea-De-Antioquia
8,Aerolineas Argentinas,13294,https://www.tripadvisor.com/Airline_Review-d8728988-Reviews-Aerolineas-Argentinas
9,Aeromar,312,https://www.tripadvisor.com/Airline_Review-d8728874-Reviews-Aeromar
10,Aeromexico,8920,https://www.tripadvisor.com/Airline_Review-d8728989-Reviews-Aeromexico
11,Africa World Airlines,17,https://www.tripadvisor.com/Airline_Review-d15052985-Reviews-Africa-World-Airlines
12,African Express Airways,16,https://www.tripadvisor.com/Airline_Review-d8728990-Reviews-African-Express-Airways
13,Afriqiyah Airways,10,https://www.tripadvisor.com/Airline_Review-d8728991-Reviews-Afriqiyah-Airways
14,Aigle Azur,665,https://www.tripadvisor.com/Airline_Review-d8728992-Reviews-Aigle-Azur
15,Air Algerie,395,https://www.tripadvisor.com/Airline_Review-d8728993-Reviews-Air-Algerie
16,Air Antilles,138,https://www.tripadvisor.com/Airline_Review-d11831112-Reviews-Air-Antilles
17,Air Arabia,1495,https://www.tripadvisor.com/Airline_Review-d8728994-Reviews-Air-Arabia
18,Air Astana,1113,https://www.tripadvisor.com/Airline_Review-d8728936-Reviews-Air-Astana
19,Air Austral,1217,https://www.tripadvisor.com/Airline_Review-d8728995-Reviews-Air-Austral
20,Air Bagan,8,https://www.tripadvisor.com/Airline_Review-d10533085-Reviews-Air-Bagan
21,Air Baltic,13952,https://www.tripadvisor.com/Airline_Review-d8728996-Reviews-Air-Baltic
22,air berlin [no longer operating],4154,https://www.tripadvisor.com/Airline_Review-d8729015-Reviews-Air-Berlin-No-Longer-Operating
23,Air Botswana,88,https://www.tripadvisor.com/Airline_Review-d8728997-Reviews-Air-Botswana
24,Air Burkina,19,https://www.tripadvisor.com/Airline_Review-d8728875-Reviews-Air-Burkina
25,Air Busan,276,https://www.tripadvisor.com/Airline_Review-d10533114-Reviews-Air-Busan
26,Air Cairo,1151,https://www.tripadvisor.com/Airline_Review-d8728938-Reviews-Air-Cairo
27,Air Canada,22183,https://www.tripadvisor.com/Airline_Review-d8728998-Reviews-Air-Canada
28,Air Canada Rouge,6581,https://www.tripadvisor.com/Airline_Review-d8808634-Reviews-Air-Canada-Rouge
29,Air Caraibes,2120,https://www.tripadvisor.com/Airline_Review-d8728999-Reviews-Air-Caraibes
30,Air Century,11,https://www.tripadvisor.com/Airline_Review-d14190654-Reviews-Air-Century
31,Air Changan,1,https://www.tripadvisor.com/Airline_Review-d13803998-Reviews-Air-Changan
32,Air Chathams,72,https://www.tripadvisor.com/Airline_Review-d10816897-Reviews-Air-Chathams
33,Air China,5125,https://www.tripadvisor.com/Airline_Review-d8729000-Reviews-Air-China
34,Air Choice One,42,https://www.tripadvisor.com/Airline_Review-d11831102-Reviews-Air-Choice-One
35,Air Corsica,460,https://www.tripadvisor.com/Airline_Review-d10816886-Reviews-Air-Corsica
36,Air Costa (no longer operating),37,https://www.tripadvisor.com/Airline_Review-d10533082-Reviews-Air-Costa-No-Longer-Operating
37,Air Cote d Ivoire,54,https://www.tripadvisor.com/Airline_Review-d12665304-Reviews-Air-Cote-D-Ivoire
38,Air Do,115,https://www.tripadvisor.com/Airline_Review-d12280238-Reviews-Air-Do
39,Air Dolomiti,811,https://www.tripadvisor.com/Airline_Review-d8729001-Reviews-Air-Dolomiti
40,Air Europa,8426,https://www.tripadvisor.com/Airline_Review-d8729002-Reviews-Air-Europa
41,Air Flamenco,28,https://www.tripadvisor.com/Airline_Review-d10533083-Reviews-Air-Flamenco
42,Air France,27753,https://www.tripadvisor.com/Airline_Review-d8729003-Reviews-Air-France
43,Air Greenland,126,https://www.tripadvisor.com/Airline_Review-d8728902-Reviews-Air-Greenland
44,Air Guilin,2,https://www.tripadvisor.com/Airline_Review-d13804003-Reviews-Air-Guilin
45,Air Iceland Connect (**this is not Icelandair**),182,https://www.tripadvisor.com/Airline_Review-d10533124-Reviews-Air-Iceland-Connect-This-Is-Not-Icelandair
46,Air India,6610,https://www.tripadvisor.com/Airline_Review-d8729004-Reviews-Air-India
47,Air India Express,333,https://www.tripadvisor.com/Airline_Review-d8729194-Reviews-Air-India-Express
48,Air Italy,3152,https://www.tripadvisor.com/Airline_Review-d8728886-Reviews-Air-Italy
49,Air Juan,86,https://www.tripadvisor.com/Airline_Review-d14190680-Reviews-Air-Juan
50,Air KBZ,325,https://www.tripadvisor.com/Airline_Review-d10533084-Reviews-Air-KBZ
51,Air Kiribati,1,https://www.tripadvisor.com/Airline_Review-d17213155-Reviews-Air-Kiribati
52,Air Koryo,70,https://www.tripadvisor.com/Airline_Review-d8729005-Reviews-Air-Koryo
53,Air Kyrgyzstan,6,https://www.tripadvisor.com/Airline_Review-d8728970-Reviews-Air-Kyrgyzstan
54,Air Macau,175,https://www.tripadvisor.com/Airline_Review-d12124797-Reviews-Air-Macau
55,Air Madagascar,311,https://www.tripadvisor.com/Airline_Review-d8729006-Reviews-Air-Madagascar
56,Air Malta,2301,https://www.tripadvisor.com/Airline_Review-d8729007-Reviews-Air-Malta
57,Air Manas,9,https://www.tripadvisor.com/Airline_Review-d13804012-Reviews-Air-Manas
58,Air Mauritius,1987,https://www.tripadvisor.com/Airline_Review-d8729008-Reviews-Air-Mauritius
59,Air Mediterranean,140,https://www.tripadvisor.com/Airline_Review-d13150558-Reviews-Air-Mediterranean
60,Air Moldova,271,https://www.tripadvisor.com/Airline_Review-d10823596-Reviews-Air-Moldova
61,Air Namibia,616,https://www.tripadvisor.com/Airline_Review-d8729009-Reviews-Air-Namibia
62,Air New Zealand,11798,https://www.tripadvisor.com/Airline_Review-d8729010-Reviews-Air-New-Zealand
63,Air Niugini,171,https://www.tripadvisor.com/Airline_Review-d8729011-Reviews-Air-Niugini
64,Air North (Canada),246,https://www.tripadvisor.com/Airline_Review-d10816875-Reviews-Air-North-Canada
65,Air Nostrum,393,https://www.tripadvisor.com/Airline_Review-d11831113-Reviews-Air-Nostrum
66,Air Panama,178,https://www.tripadvisor.com/Airline_Review-d11831111-Reviews-Air-Panama
67,Air Peace,26,https://www.tripadvisor.com/Airline_Review-d15053196-Reviews-Air-Peace
68,Air Pegasus (no longer operating),117,https://www.tripadvisor.com/Airline_Review-d10533092-Reviews-Air-Pegasus-No-Longer-Operating
69,Air Rarotonga,47,https://www.tripadvisor.com/Airline_Review-d12280244-Reviews-Air-Rarotonga
70,Air Saint Pierre,6,https://www.tripadvisor.com/Airline_Review-d13635954-Reviews-Air-Saint-Pierre
71,Air Senegal,10,https://www.tripadvisor.com/Airline_Review-d17213150-Reviews-Air-Senegal
72,Air Seoul,154,https://www.tripadvisor.com/Airline_Review-d12280232-Reviews-Air-Seoul
73,Air Serbia,1392,https://www.tripadvisor.com/Airline_Review-d8729096-Reviews-Air-Serbia
74,Air Seychelles,591,https://www.tripadvisor.com/Airline_Review-d8729012-Reviews-Air-Seychelles
75,Air Tahiti,280,https://www.tripadvisor.com/Airline_Review-d10533095-Reviews-Air-Tahiti
76,Air Tahiti Nui,1386,https://www.tripadvisor.com/Airline_Review-d8729013-Reviews-Air-Tahiti-Nui
77,Air Transat,9411,https://www.tripadvisor.com/Airline_Review-d8729014-Reviews-Air-Transat
78,Air Vanuatu,336,https://www.tripadvisor.com/Airline_Review-d8729190-Reviews-Air-Vanuatu
79,Air VIA [no longer operating],85,https://www.tripadvisor.com/Airline_Review-d8728947-Reviews-Air-VIA-No-Longer-Operating
80,Air Zimbabwe,59,https://www.tripadvisor.com/Airline_Review-d11831119-Reviews-Air-Zimbabwe
81,AirAsia - AirAsia Berhad (Malaysia),3067,https://www.tripadvisor.com/Airline_Review-d8729220-Reviews-AirAsia-AirAsia-Berhad-Malaysia
82,AirAsia - AirAsia India,830,https://www.tripadvisor.com/Airline_Review-d8728894-Reviews-AirAsia-AirAsia-India
83,AirAsia - AirAsia Japan,71,https://www.tripadvisor.com/Airline_Review-d8728895-Reviews-AirAsia-AirAsia-Japan
84,AirAsia - AirAsia X Berhad (Malaysia),1698,https://www.tripadvisor.com/Airline_Review-d8728893-Reviews-AirAsia-AirAsia-X-Berhad-Malaysia
85,AirAsia - Indonesia AirAsia,2344,https://www.tripadvisor.com/Airline_Review-d8728920-Reviews-AirAsia-Indonesia-AirAsia
86,AirAsia - Philippines AirAsia,820,https://www.tripadvisor.com/Airline_Review-d8728918-Reviews-AirAsia-Philippines-AirAsia
87,AirAsia - Thai AirAsia,5168,https://www.tripadvisor.com/Airline_Review-d8728898-Reviews-AirAsia-Thai-AirAsia
88,AirAsia - Thai AirAsia X,177,https://www.tripadvisor.com/Airline_Review-d12280240-Reviews-AirAsia-Thai-AirAsia-X
89,Airblue,53,https://www.tripadvisor.com/Airline_Review-d8728892-Reviews-Airblue
90,Aircalin,281,https://www.tripadvisor.com/Airline_Review-d8728975-Reviews-Aircalin
91,AirKenya Express,11,https://www.tripadvisor.com/Airline_Review-d14190664-Reviews-AirKenya-Express
92,Airlink,295,https://www.tripadvisor.com/Airline_Review-d8729016-Reviews-Airlink
93,Airnorth (Australia),199,https://www.tripadvisor.com/Airline_Review-d8728876-Reviews-Airnorth-Australia
94,AirSWIFT,241,https://www.tripadvisor.com/Airline_Review-d11831124-Reviews-AirSWIFT
95,Alaska Airlines,13648,https://www.tripadvisor.com/Airline_Review-d8729017-Reviews-Alaska-Airlines
96,Alaska Seaplanes,25,https://www.tripadvisor.com/Airline_Review-d10816877-Reviews-Alaska-Seaplanes
97,Alba Star,643,https://www.tripadvisor.com/Airline_Review-d10823587-Reviews-Alba-Star
98,Alexandria Airlines,1,https://www.tripadvisor.com/Airline_Review-d8728966-Reviews-Alexandria-Airlines
99,Alitalia,17143,https://www.tripadvisor.com/Airline_Review-d8729018-Reviews-Alitalia
100,Allegiant Air,8393,https://www.tripadvisor.com/Airline_Review-d8729019-Reviews-Allegiant-Air
101,Alliance Airlines,62,https://www.tripadvisor.com/Airline_Review-d12878327-Reviews-Alliance-Airlines
102,AlMasria Universal,100,https://www.tripadvisor.com/Airline_Review-d15053145-Reviews-AlMasria-Universal
103,ALROSA,9,https://www.tripadvisor.com/Airline_Review-d13635955-Reviews-ALROSA
104,Alsie Express,23,https://www.tripadvisor.com/Airline_Review-d11831130-Reviews-Alsie-Express
105,Amazonas,209,https://www.tripadvisor.com/Airline_Review-d10533120-Reviews-Amazonas
106,American Airlines,60528,https://www.tripadvisor.com/Airline_Review-d8729020-Reviews-American-Airlines
107,ANA (All Nippon Airways),8911,https://www.tripadvisor.com/Airline_Review-d8729021-Reviews-ANA-All-Nippon-Airways
108,AnadoluJet,454,https://www.tripadvisor.com/Airline_Review-d8729208-Reviews-AnadoluJet
109,Andes Lineas Aereas,791,https://www.tripadvisor.com/Airline_Review-d12665305-Reviews-Andes-Lineas-Aereas
110,Angara Airlines,12,https://www.tripadvisor.com/Airline_Review-d12280235-Reviews-Angara-Airlines
111,Anguilla Air Services,98,https://www.tripadvisor.com/Airline_Review-d12124796-Reviews-Anguilla-Air-Services
112,Ariana Afghan Airlines,6,https://www.tripadvisor.com/Airline_Review-d8729022-Reviews-Ariana-Afghan-Airlines
113,Arik Air,111,https://www.tripadvisor.com/Airline_Review-d8728955-Reviews-Arik-Air
114,Arkia Israel Airlines,582,https://www.tripadvisor.com/Airline_Review-d8729023-Reviews-Arkia-Israel-Airlines
115,Aruba Airlines,101,https://www.tripadvisor.com/Airline_Review-d12280236-Reviews-Aruba-Airlines
116,Aserca Airlines (no longer operating),74,https://www.tripadvisor.com/Airline_Review-d8728877-Reviews-Aserca-Airlines-No-Longer-Operating
117,Asia Atlantic Airlines,6,https://www.tripadvisor.com/Airline_Review-d13804005-Reviews-Asia-Atlantic-Airlines
118,Asiana Airlines,3149,https://www.tripadvisor.com/Airline_Review-d8729024-Reviews-Asiana-Airlines
119,ASKY Airlines,55,https://www.tripadvisor.com/Airline_Review-d12280239-Reviews-ASKY-Airlines
120,ASL France,438,https://www.tripadvisor.com/Airline_Review-d12124799-Reviews-ASL-France
121,Astra Airlines,196,https://www.tripadvisor.com/Airline_Review-d10816890-Reviews-Astra-Airlines
122,ATA Airlines (Iran),47,https://www.tripadvisor.com/Airline_Review-d10823591-Reviews-ATA-Airlines-Iran
123,Atlantic Airways,177,https://www.tripadvisor.com/Airline_Review-d8729025-Reviews-Atlantic-Airways
124,Atlas Air,35,https://www.tripadvisor.com/Airline_Review-d8729026-Reviews-Atlas-Air
125,Atlas Atlantique [no longer operating],-1,https://www.tripadvisor.com/Airline_Review-d12878328-Reviews-Atlas-Atlantique-No-Longer-Operating
126,AtlasGlobal,979,https://www.tripadvisor.com/Airline_Review-d8729211-Reviews-AtlasGlobal
127,Aurigny,313,https://www.tripadvisor.com/Airline_Review-d10533109-Reviews-Aurigny
128,Aurora,50,https://www.tripadvisor.com/Airline_Review-d10823590-Reviews-Aurora
129,Austral Lineas Aereas,179,https://www.tripadvisor.com/Airline_Review-d10823586-Reviews-Austral-Lineas-Aereas
130,Austrian Airlines,6824,https://www.tripadvisor.com/Airline_Review-d8729027-Reviews-Austrian-Airlines
131,Avianca,17058,https://www.tripadvisor.com/Airline_Review-d8729028-Reviews-Avianca
132,Avior Airlines,176,https://www.tripadvisor.com/Airline_Review-d11831110-Reviews-Avior-Airlines
133,Azerbaijan Airlines,489,https://www.tripadvisor.com/Airline_Review-d8729029-Reviews-Azerbaijan-Airlines
134,Azimuth,70,https://www.tripadvisor.com/Airline_Review-d13150559-Reviews-Azimuth
135,Aztec Airways,7,https://www.tripadvisor.com/Airline_Review-d10533094-Reviews-Aztec-Airways
136,Azul,13929,https://www.tripadvisor.com/Airline_Review-d8728972-Reviews-Azul
137,Azur Air,1312,https://www.tripadvisor.com/Airline_Review-d13150560-Reviews-Azur-Air
138,Bahamasair,425,https://www.tripadvisor.com/Airline_Review-d8729030-Reviews-Bahamasair
139,Bamboo Airways,8,https://www.tripadvisor.com/Airline_Review-d17550096-Reviews-Bamboo-Airways
140,Bangkok Airways,3981,https://www.tripadvisor.com/Airline_Review-d8729031-Reviews-Bangkok-Airways
141,Bassaka Air,93,https://www.tripadvisor.com/Airline_Review-d10816874-Reviews-Bassaka-Air
142,Batik Air,1008,https://www.tripadvisor.com/Airline_Review-d10661150-Reviews-Batik-Air
143,Bayon Airlines,37,https://www.tripadvisor.com/Airline_Review-d10816888-Reviews-Bayon-Airlines
144,Bearskin Airlines,5,https://www.tripadvisor.com/Airline_Review-d8728904-Reviews-Bearskin-Airlines
145,Beijing Capital Airlines,74,https://www.tripadvisor.com/Airline_Review-d8729196-Reviews-Beijing-Capital-Airlines
146,Bek Air,21,https://www.tripadvisor.com/Airline_Review-d12976995-Reviews-Bek-Air
147,Belavia Belarusian Airlines,908,https://www.tripadvisor.com/Airline_Review-d8729032-Reviews-Belavia-Belarusian-Airlines
148,BH Air,7,https://www.tripadvisor.com/Airline_Review-d17550097-Reviews-BH-Air
149,Bhutan Airlines,125,https://www.tripadvisor.com/Airline_Review-d8728983-Reviews-Bhutan-Airlines
150,Biman Bangladesh Airlines,304,https://www.tripadvisor.com/Airline_Review-d8729033-Reviews-Biman-Bangladesh-Airlines
151,Binter,718,https://www.tripadvisor.com/Airline_Review-d8729034-Reviews-Binter
152,Blue Air,2750,https://www.tripadvisor.com/Airline_Review-d8729035-Reviews-Blue-Air
153,Blue Islands Air,84,https://www.tripadvisor.com/Airline_Review-d8729036-Reviews-Blue-Islands-Air
154,Blue Panorama Airlines,3103,https://www.tripadvisor.com/Airline_Review-d8729037-Reviews-Blue-Panorama-Airlines
155,Boliviana de Aviacion,369,https://www.tripadvisor.com/Airline_Review-d10661142-Reviews-Boliviana-De-Aviacion
156,Borajet [no longer operating],33,https://www.tripadvisor.com/Airline_Review-d10823595-Reviews-Borajet-No-Longer-Operating
157,Boutique Air,125,https://www.tripadvisor.com/Airline_Review-d12878329-Reviews-Boutique-Air
158,BRA (Braathens Regional Airways AB),220,https://www.tripadvisor.com/Airline_Review-d10533100-Reviews-BRA-Braathens-Regional-Airways-AB
159,British Airways,46938,https://www.tripadvisor.com/Airline_Review-d8729039-Reviews-British-Airways
160,Brussels Airlines,6471,https://www.tripadvisor.com/Airline_Review-d8729040-Reviews-Brussels-Airlines
161,Buddha Air,158,https://www.tripadvisor.com/Airline_Review-d8729191-Reviews-Buddha-Air
162,Bulgaria Air,744,https://www.tripadvisor.com/Airline_Review-d8729041-Reviews-Bulgaria-Air
163,Buta Airways,91,https://www.tripadvisor.com/Airline_Review-d13635956-Reviews-Buta-Airways
164,Calafia Airlines,95,https://www.tripadvisor.com/Airline_Review-d11831126-Reviews-Calafia-Airlines
165,CalmAir International,22,https://www.tripadvisor.com/Airline_Review-d8728878-Reviews-CalmAir-International
166,Cambodia Angkor Air,736,https://www.tripadvisor.com/Airline_Review-d10533106-Reviews-Cambodia-Angkor-Air
167,Canadian North,52,https://www.tripadvisor.com/Airline_Review-d8728879-Reviews-Canadian-North
168,Canaryfly,144,https://www.tripadvisor.com/Airline_Review-d10816892-Reviews-Canaryfly
169,Cape Air,250,https://www.tripadvisor.com/Airline_Review-d8729044-Reviews-Cape-Air
170,Caribbean Airlines,645,https://www.tripadvisor.com/Airline_Review-d8728962-Reviews-Caribbean-Airlines
171,Caspian Airlines,31,https://www.tripadvisor.com/Airline_Review-d8729045-Reviews-Caspian-Airlines
172,Cathay Dragon (Dragonair),1522,https://www.tripadvisor.com/Airline_Review-d8729063-Reviews-Cathay-Dragon-Dragonair
173,Cathay Pacific,14468,https://www.tripadvisor.com/Airline_Review-d8729046-Reviews-Cathay-Pacific
174,Cayman Airways,277,https://www.tripadvisor.com/Airline_Review-d8729047-Reviews-Cayman-Airways
175,Cebu Pacific Air,3163,https://www.tripadvisor.com/Airline_Review-d8729048-Reviews-Cebu-Pacific-Air
176,CemAir,187,https://www.tripadvisor.com/Airline_Review-d8728964-Reviews-CemAir
177,Central Mountain Air,48,https://www.tripadvisor.com/Airline_Review-d8728911-Reviews-Central-Mountain-Air
178,Chair,12,https://www.tripadvisor.com/Airline_Review-d17213154-Reviews-Chair
179,Cham Wings,5,https://www.tripadvisor.com/Airline_Review-d12878336-Reviews-Cham-Wings
180,Chengdu Airlines,11,https://www.tripadvisor.com/Airline_Review-d8729197-Reviews-Chengdu-Airlines
181,China Airlines,3589,https://www.tripadvisor.com/Airline_Review-d8729049-Reviews-China-Airlines
182,China Eastern Airlines,4384,https://www.tripadvisor.com/Airline_Review-d8729050-Reviews-China-Eastern-Airlines
183,China Express Airlines,5,https://www.tripadvisor.com/Airline_Review-d8728957-Reviews-China-Express-Airlines
184,China Southern Airlines,4362,https://www.tripadvisor.com/Airline_Review-d8729051-Reviews-China-Southern-Airlines
185,China United Airlines,27,https://www.tripadvisor.com/Airline_Review-d8729198-Reviews-China-United-Airlines
186,Chongqing Airlines,7,https://www.tripadvisor.com/Airline_Review-d8729052-Reviews-Chongqing-Airlines
187,Cinnamon Air,17,https://www.tripadvisor.com/Airline_Review-d11831101-Reviews-Cinnamon-Air
188,Citilink,938,https://www.tripadvisor.com/Airline_Review-d10661151-Reviews-Citilink
189,CityJet,411,https://www.tripadvisor.com/Airline_Review-d8729053-Reviews-CityJet
190,Citywing [no longer operating],11,https://www.tripadvisor.com/Airline_Review-d10816882-Reviews-Citywing-No-Longer-Operating
191,CM Airlines,27,https://www.tripadvisor.com/Airline_Review-d10661143-Reviews-CM-Airlines
192,Cobalt [no longer operating],507,https://www.tripadvisor.com/Airline_Review-d10816876-Reviews-Cobalt-No-Longer-Operating
193,Colorful GuiZhou Airlines,-1,https://www.tripadvisor.com/Airline_Review-d13804004-Reviews-Colorful-GuiZhou-Airlines
194,Condor,6438,https://www.tripadvisor.com/Airline_Review-d8729054-Reviews-Condor
195,Contour,12,https://www.tripadvisor.com/Airline_Review-d17213152-Reviews-Contour
196,Copa Airlines,10592,https://www.tripadvisor.com/Airline_Review-d8729055-Reviews-Copa-Airlines
197,Copenhagen AirTaxi,-1,https://www.tripadvisor.com/Airline_Review-d12124801-Reviews-Copenhagen-AirTaxi
198,Corendon Airlines,1440,https://www.tripadvisor.com/Airline_Review-d11831125-Reviews-Corendon-Airlines
199,Corsair,1569,https://www.tripadvisor.com/Airline_Review-d8729056-Reviews-Corsair
200,Croatia Airlines,908,https://www.tripadvisor.com/Airline_Review-d8729057-Reviews-Croatia-Airlines
201,Cubana de Aviacion,878,https://www.tripadvisor.com/Airline_Review-d8729058-Reviews-Cubana-De-Aviacion
202,Cyprus Airways,1,https://www.tripadvisor.com/Airline_Review-d17695640-Reviews-Cyprus-Airways
203,Czech Airlines,2038,https://www.tripadvisor.com/Airline_Review-d8728916-Reviews-Czech-Airlines
204,Daallo Airlines,2,https://www.tripadvisor.com/Airline_Review-d8728917-Reviews-Daallo-Airlines
205,Dalian Airlines,3,https://www.tripadvisor.com/Airline_Review-d8729209-Reviews-Dalian-Airlines
206,DAT Danish Air Transport,319,https://www.tripadvisor.com/Airline_Review-d10533101-Reviews-DAT-Danish-Air-Transport
207,Delta Air Lines,50323,https://www.tripadvisor.com/Airline_Review-d8729060-Reviews-Delta-Air-Lines
208,Denver Air Connection,5,https://www.tripadvisor.com/Airline_Review-d13635957-Reviews-Denver-Air-Connection
209,Dniproavia [no longer operating - merged into Windrose Airlines],20,https://www.tripadvisor.com/Airline_Review-d8729062-Reviews-Dniproavia-No-Longer-Operating-Merged-Into-Windrose-Airlines
210,Donghai Airlines,7,https://www.tripadvisor.com/Airline_Review-d8728934-Reviews-Donghai-Airlines
211,Druk Air,282,https://www.tripadvisor.com/Airline_Review-d8729064-Reviews-Druk-Air
212,Dynamic International Airways,96,https://www.tripadvisor.com/Airline_Review-d10533110-Reviews-Dynamic-International-Airways
213,Eagle Air,11,https://www.tripadvisor.com/Airline_Review-d12878337-Reviews-Eagle-Air
214,Eastar Jet,120,https://www.tripadvisor.com/Airline_Review-d12124805-Reviews-Eastar-Jet
215,Eastern Airways,170,https://www.tripadvisor.com/Airline_Review-d8729065-Reviews-Eastern-Airways
216,EasyFly,50,https://www.tripadvisor.com/Airline_Review-d13635958-Reviews-EasyFly
217,easyJet,47049,https://www.tripadvisor.com/Airline_Review-d8729066-Reviews-EasyJet
218,Edelweiss Air,2603,https://www.tripadvisor.com/Airline_Review-d8728969-Reviews-Edelweiss-Air
219,EGYPTAIR,3169,https://www.tripadvisor.com/Airline_Review-d8729067-Reviews-EGYPTAIR
220,El Al Israel Airlines,3714,https://www.tripadvisor.com/Airline_Review-d8729068-Reviews-El-Al-Israel-Airlines
221,Elite Airways,153,https://www.tripadvisor.com/Airline_Review-d10661139-Reviews-Elite-Airways
222,Ellinair,762,https://www.tripadvisor.com/Airline_Review-d10816899-Reviews-Ellinair
223,Emirates,53025,https://www.tripadvisor.com/Airline_Review-d8729069-Reviews-Emirates
224,Enter Air,2107,https://www.tripadvisor.com/Airline_Review-d8729070-Reviews-Enter-Air
225,Equatorial Congo Airlines [no longer operating],8,https://www.tripadvisor.com/Airline_Review-d8728932-Reviews-Equatorial-Congo-Airlines-No-Longer-Operating
226,Eritrean Airlines,2,https://www.tripadvisor.com/Airline_Review-d8729071-Reviews-Eritrean-Airlines
227,Ernest,188,https://www.tripadvisor.com/Airline_Review-d15052986-Reviews-Ernest
228,Ethiopian Airlines,4551,https://www.tripadvisor.com/Airline_Review-d8729073-Reviews-Ethiopian-Airlines
229,Etihad Airways,14142,https://www.tripadvisor.com/Airline_Review-d8729074-Reviews-Etihad-Airways
230,Etihad Regional [no longer operating],65,https://www.tripadvisor.com/Airline_Review-d8728956-Reviews-Etihad-Regional-No-Longer-Operating
231,Euro Atlantic,81,https://www.tripadvisor.com/Airline_Review-d10661146-Reviews-Euro-Atlantic
232,European Coastal Airlines [no longer operating],25,https://www.tripadvisor.com/Airline_Review-d10533113-Reviews-European-Coastal-Airlines-No-Longer-Operating
233,Eurowings,7932,https://www.tripadvisor.com/Airline_Review-d8729075-Reviews-Eurowings
234,EVA Air,5805,https://www.tripadvisor.com/Airline_Review-d8729076-Reviews-EVA-Air
235,Evelop,965,https://www.tripadvisor.com/Airline_Review-d10661145-Reviews-Evelop
236,Far Eastern Air Transport,14,https://www.tripadvisor.com/Airline_Review-d10533117-Reviews-Far-Eastern-Air-Transport
237,fastjet,249,https://www.tripadvisor.com/Airline_Review-d8728924-Reviews-Fastjet
238,Fiji Airways,1873,https://www.tripadvisor.com/Airline_Review-d8729077-Reviews-Fiji-Airways
239,Finnair,6343,https://www.tripadvisor.com/Airline_Review-d8729078-Reviews-Finnair
240,firefly,209,https://www.tripadvisor.com/Airline_Review-d8728946-Reviews-Firefly
241,First Air,44,https://www.tripadvisor.com/Airline_Review-d8728885-Reviews-First-Air
242,Flair Airlines,944,https://www.tripadvisor.com/Airline_Review-d13635959-Reviews-Flair-Airlines
243,Fly Allways,1,https://www.tripadvisor.com/Airline_Review-d17213149-Reviews-Fly-Allways
244,Fly Baghdad,2,https://www.tripadvisor.com/Airline_Review-d13150561-Reviews-Fly-Baghdad
245,Fly Corporate,22,https://www.tripadvisor.com/Airline_Review-d14190665-Reviews-Fly-Corporate
246,Fly Tiwi,1,https://www.tripadvisor.com/Airline_Review-d12665301-Reviews-Fly-Tiwi
247,Fly540,120,https://www.tripadvisor.com/Airline_Review-d11831107-Reviews-Fly540
248,Flyadeal,58,https://www.tripadvisor.com/Airline_Review-d13150562-Reviews-Flyadeal
249,FlyArystan,2,https://www.tripadvisor.com/Airline_Review-d17550098-Reviews-FlyArystan
250,Flybe,7242,https://www.tripadvisor.com/Airline_Review-d8728910-Reviews-Flybe
251,flybmi [no longer operating],378,https://www.tripadvisor.com/Airline_Review-d11831104-Reviews-Flybmi-No-Longer-Operating
252,Flybondi,509,https://www.tripadvisor.com/Airline_Review-d13804001-Reviews-Flybondi
253,flydubai,2563,https://www.tripadvisor.com/Airline_Review-d8729199-Reviews-Flydubai
254,FlyEgypt,290,https://www.tripadvisor.com/Airline_Review-d13635960-Reviews-FlyEgypt
255,Flyme,22,https://www.tripadvisor.com/Airline_Review-d12976996-Reviews-Flyme
256,Flynas,333,https://www.tripadvisor.com/Airline_Review-d8728950-Reviews-Flynas
257,FLYONE,119,https://www.tripadvisor.com/Airline_Review-d10816880-Reviews-FLYONE
258,FlyPelican,17,https://www.tripadvisor.com/Airline_Review-d10823593-Reviews-FlyPelican
259,FlySafair,744,https://www.tripadvisor.com/Airline_Review-d10661141-Reviews-FlySafair
260,FMIAir,9,https://www.tripadvisor.com/Airline_Review-d13635961-Reviews-FMIAir
261,French bee,866,https://www.tripadvisor.com/Airline_Review-d11831116-Reviews-French-Bee
262,Frontier Airlines,12567,https://www.tripadvisor.com/Airline_Review-d8729213-Reviews-Frontier-Airlines
263,Fuji Dream Airlines,79,https://www.tripadvisor.com/Airline_Review-d10533115-Reviews-Fuji-Dream-Airlines
264,Fuzhou Airlines,4,https://www.tripadvisor.com/Airline_Review-d8729200-Reviews-Fuzhou-Airlines
265,Garuda Indonesia,7180,https://www.tripadvisor.com/Airline_Review-d8729079-Reviews-Garuda-Indonesia
266,Georgian Airways,382,https://www.tripadvisor.com/Airline_Review-d8729080-Reviews-Georgian-Airways
267,Germania Airlines [no longer operating],2558,https://www.tripadvisor.com/Airline_Review-d8729081-Reviews-Germania-Airlines-No-Longer-Operating
268,Germanwings,446,https://www.tripadvisor.com/Airline_Review-d8729082-Reviews-Germanwings
269,GLO Airlines (no longer operating),8,https://www.tripadvisor.com/Airline_Review-d10816889-Reviews-GLO-Airlines-No-Longer-Operating
270,GoAir,972,https://www.tripadvisor.com/Airline_Review-d10816887-Reviews-GoAir
271,GOL Airlines,15465,https://www.tripadvisor.com/Airline_Review-d8729083-Reviews-GOL-Airlines
272,Golden Myanmar Airlines,31,https://www.tripadvisor.com/Airline_Review-d14190666-Reviews-Golden-Myanmar-Airlines
273,Grand China Air,9,https://www.tripadvisor.com/Airline_Review-d8728930-Reviews-Grand-China-Air
274,Groupe Transair,11,https://www.tripadvisor.com/Airline_Review-d10824468-Reviews-Groupe-Transair
275,Gulf Air,1199,https://www.tripadvisor.com/Airline_Review-d8728943-Reviews-Gulf-Air
276,Gum Air,2,https://www.tripadvisor.com/Airline_Review-d12280234-Reviews-Gum-Air
277,GX Airlines,4,https://www.tripadvisor.com/Airline_Review-d8729084-Reviews-GX-Airlines
278,Hainan Airlines,1219,https://www.tripadvisor.com/Airline_Review-d8729085-Reviews-Hainan-Airlines
279,Hawaiian Airlines,6560,https://www.tripadvisor.com/Airline_Review-d8729086-Reviews-Hawaiian-Airlines
280,Hebei Airlines,10,https://www.tripadvisor.com/Airline_Review-d8728959-Reviews-Hebei-Airlines
281,Helvetic Airways,237,https://www.tripadvisor.com/Airline_Review-d8729087-Reviews-Helvetic-Airways
282,Himalaya Airlines,3,https://www.tripadvisor.com/Airline_Review-d15052987-Reviews-Himalaya-Airlines
283,HK Express,1287,https://www.tripadvisor.com/Airline_Review-d8729214-Reviews-HK-Express
284,Hong Kong Airlines,1556,https://www.tripadvisor.com/Airline_Review-d8728935-Reviews-Hong-Kong-Airlines
285,Hongtu Airlines,1,https://www.tripadvisor.com/Airline_Review-d13803999-Reviews-Hongtu-Airlines
286,HOP!,1408,https://www.tripadvisor.com/Airline_Review-d8728906-Reviews-HOP
287,Hunnu Air,12,https://www.tripadvisor.com/Airline_Review-d12878338-Reviews-Hunnu-Air
288,IBC Airways,1,https://www.tripadvisor.com/Airline_Review-d10533089-Reviews-IBC-Airways
289,Iberia,16846,https://www.tripadvisor.com/Airline_Review-d8729089-Reviews-Iberia
290,Iberia Express,2680,https://www.tripadvisor.com/Airline_Review-d10823588-Reviews-Iberia-Express
291,IBEX,12,https://www.tripadvisor.com/Airline_Review-d13804002-Reviews-IBEX
292,Icelandair,6658,https://www.tripadvisor.com/Airline_Review-d8728914-Reviews-Icelandair
293,IndiGo,6648,https://www.tripadvisor.com/Airline_Review-d8729090-Reviews-IndiGo
294,InselAir,281,https://www.tripadvisor.com/Airline_Review-d11831122-Reviews-InselAir
295,interCaribbean,78,https://www.tripadvisor.com/Airline_Review-d12878330-Reviews-InterCaribbean
296,Interjet,5277,https://www.tripadvisor.com/Airline_Review-d8729091-Reviews-Interjet
297,IrAero,22,https://www.tripadvisor.com/Airline_Review-d13635962-Reviews-IrAero
298,Iran Aseman Airlines,84,https://www.tripadvisor.com/Airline_Review-d8729092-Reviews-Iran-Aseman-Airlines
299,IranAir,169,https://www.tripadvisor.com/Airline_Review-d8729093-Reviews-IranAir
300,Iraqi Airways,67,https://www.tripadvisor.com/Airline_Review-d8729094-Reviews-Iraqi-Airways
301,Island Air [no longer operating],157,https://www.tripadvisor.com/Airline_Review-d10533119-Reviews-Island-Air-No-Longer-Operating
302,Israir,292,https://www.tripadvisor.com/Airline_Review-d10816883-Reviews-Israir
303,Izhavia,4,https://www.tripadvisor.com/Airline_Review-d14190681-Reviews-Izhavia
304,Jambojet,160,https://www.tripadvisor.com/Airline_Review-d8728905-Reviews-Jambojet
305,Japan Airlines (JAL),7822,https://www.tripadvisor.com/Airline_Review-d8729095-Reviews-Japan-Airlines-JAL
306,Jazeera Airways,182,https://www.tripadvisor.com/Airline_Review-d8729201-Reviews-Jazeera-Airways
307,JC Cambodia,47,https://www.tripadvisor.com/Airline_Review-d13635963-Reviews-JC-Cambodia
308,Jeju Air,717,https://www.tripadvisor.com/Airline_Review-d8728913-Reviews-Jeju-Air
309,Jet Airways [no longer operating],12128,https://www.tripadvisor.com/Airline_Review-d8729097-Reviews-Jet-Airways-No-Longer-Operating
310,Jet2.com,23693,https://www.tripadvisor.com/Airline_Review-d8729098-Reviews-Jet2com
311,JetBlue,14978,https://www.tripadvisor.com/Airline_Review-d8729099-Reviews-JetBlue
312,JETGO,105,https://www.tripadvisor.com/Airline_Review-d12665298-Reviews-JETGO
313,JetSmart,356,https://www.tripadvisor.com/Airline_Review-d13635964-Reviews-JetSmart
314,Jetstar Airways - Australia & New Zealand,10593,https://www.tripadvisor.com/Airline_Review-d8729146-Reviews-Jetstar-Airways-Australia-New-Zealand
315,Jetstar Asia Airways - Singapore,1619,https://www.tripadvisor.com/Airline_Review-d8729042-Reviews-Jetstar-Asia-Airways-Singapore
316,Jetstar Japan,935,https://www.tripadvisor.com/Airline_Review-d8728896-Reviews-Jetstar-Japan
317,Jetstar Pacific Airlines - Vietnam,944,https://www.tripadvisor.com/Airline_Review-d8728907-Reviews-Jetstar-Pacific-Airlines-Vietnam
318,JetSuiteX,80,https://www.tripadvisor.com/Airline_Review-d10661138-Reviews-JetSuiteX
319,"Jetways Airlines, Kenya [NOT Jet Airways of India]",3,https://www.tripadvisor.com/Airline_Review-d13804009-Reviews-Jetways-Airlines-Kenya-NOT-Jet-Airways-Of-India
320,Jiangxi Air,-1,https://www.tripadvisor.com/Airline_Review-d13804007-Reviews-Jiangxi-Air
321,Jin Air,178,https://www.tripadvisor.com/Airline_Review-d12878340-Reviews-Jin-Air
322,Jordan Aviation,33,https://www.tripadvisor.com/Airline_Review-d8728948-Reviews-Jordan-Aviation
323,Joy Air,2,https://www.tripadvisor.com/Airline_Review-d8728977-Reviews-Joy-Air
324,Jubba Airways,11,https://www.tripadvisor.com/Airline_Review-d8729100-Reviews-Jubba-Airways
325,Juneyao Airlines,175,https://www.tripadvisor.com/Airline_Review-d8728967-Reviews-Juneyao-Airlines
326,Kalstar Aviation,20,https://www.tripadvisor.com/Airline_Review-d11831105-Reviews-Kalstar-Aviation
327,Kam Air,14,https://www.tripadvisor.com/Airline_Review-d8729101-Reviews-Kam-Air
328,Kan Airlines,51,https://www.tripadvisor.com/Airline_Review-d8728958-Reviews-Kan-Airlines
329,Kenya Airways,2241,https://www.tripadvisor.com/Airline_Review-d8729102-Reviews-Kenya-Airways
330,Kish Air,37,https://www.tripadvisor.com/Airline_Review-d8729103-Reviews-Kish-Air
331,KLM Royal Dutch Airlines,26530,https://www.tripadvisor.com/Airline_Review-d8729104-Reviews-KLM-Royal-Dutch-Airlines
332,Korean Air,4567,https://www.tripadvisor.com/Airline_Review-d8729105-Reviews-Korean-Air
333,KrasAvia,1,https://www.tripadvisor.com/Airline_Review-d12976997-Reviews-KrasAvia
334,Kulula,949,https://www.tripadvisor.com/Airline_Review-d10533103-Reviews-Kulula
335,Kunming Airlines,5,https://www.tripadvisor.com/Airline_Review-d8729106-Reviews-Kunming-Airlines
336,Kuwait Airways,1123,https://www.tripadvisor.com/Airline_Review-d8729107-Reviews-Kuwait-Airways
337,La Compagnie,384,https://www.tripadvisor.com/Airline_Review-d10533118-Reviews-La-Compagnie
338,La Costena,12,https://www.tripadvisor.com/Airline_Review-d12878335-Reviews-La-Costena
339,LAM Mozambique,115,https://www.tripadvisor.com/Airline_Review-d10823585-Reviews-LAM-Mozambique
340,LAN Airlines (now LATAM Airlines),3309,https://www.tripadvisor.com/Airline_Review-d8729108-Reviews-LAN-Airlines-Now-LATAM-Airlines
341,Lanmei Airlines,102,https://www.tripadvisor.com/Airline_Review-d13150563-Reviews-Lanmei-Airlines
342,Lao Airlines,390,https://www.tripadvisor.com/Airline_Review-d8729109-Reviews-Lao-Airlines
343,Lao Skyway,43,https://www.tripadvisor.com/Airline_Review-d12280241-Reviews-Lao-Skyway
344,Laser Airlines,108,https://www.tripadvisor.com/Airline_Review-d12665309-Reviews-Laser-Airlines
345,LATAM Airlines,35417,https://www.tripadvisor.com/Airline_Review-d10290698-Reviews-LATAM-Airlines
346,Latin American Wings [no longer operating],30,https://www.tripadvisor.com/Airline_Review-d12976998-Reviews-Latin-American-Wings-No-Longer-Operating
347,Laudamotion,902,https://www.tripadvisor.com/Airline_Review-d14190667-Reviews-Laudamotion
348,LCPeru,306,https://www.tripadvisor.com/Airline_Review-d10823584-Reviews-LCPeru
349,LEVEL,1656,https://www.tripadvisor.com/Airline_Review-d12665310-Reviews-LEVEL
350,LIAT,387,https://www.tripadvisor.com/Airline_Review-d8728900-Reviews-LIAT
351,Libyan Airlines,22,https://www.tripadvisor.com/Airline_Review-d8729110-Reviews-Libyan-Airlines
352,Lion Air,1904,https://www.tripadvisor.com/Airline_Review-d8729111-Reviews-Lion-Air
353,Loganair,228,https://www.tripadvisor.com/Airline_Review-d14190668-Reviews-Loganair
354,Longjiang - LJ Air,1,https://www.tripadvisor.com/Airline_Review-d12976999-Reviews-Longjiang-LJ-Air
355,Loong Air,3,https://www.tripadvisor.com/Airline_Review-d8729202-Reviews-Loong-Air
356,LOT Polish Airlines,4053,https://www.tripadvisor.com/Airline_Review-d8729112-Reviews-LOT-Polish-Airlines
357,Lucky Air,42,https://www.tripadvisor.com/Airline_Review-d8728960-Reviews-Lucky-Air
358,Lufthansa,30569,https://www.tripadvisor.com/Airline_Review-d8729113-Reviews-Lufthansa
359,Luxair,1355,https://www.tripadvisor.com/Airline_Review-d8729114-Reviews-Luxair
360,Magnicharters,313,https://www.tripadvisor.com/Airline_Review-d11831108-Reviews-Magnicharters
361,Mahan Air,479,https://www.tripadvisor.com/Airline_Review-d8729115-Reviews-Mahan-Air
362,Malaysia Airlines,6587,https://www.tripadvisor.com/Airline_Review-d8729116-Reviews-Malaysia-Airlines
363,Maldivian,55,https://www.tripadvisor.com/Airline_Review-d12878339-Reviews-Maldivian
364,Malindo Air,3003,https://www.tripadvisor.com/Airline_Review-d8729203-Reviews-Malindo-Air
365,Mandarin Airlines,65,https://www.tripadvisor.com/Airline_Review-d10533116-Reviews-Mandarin-Airlines
366,Mango,1065,https://www.tripadvisor.com/Airline_Review-d8729204-Reviews-Mango
367,Mann Yadanarpon Airlines,80,https://www.tripadvisor.com/Airline_Review-d12124794-Reviews-Mann-Yadanarpon-Airlines
368,Manta Air,6,https://www.tripadvisor.com/Airline_Review-d17550099-Reviews-Manta-Air
369,Mauritania Airlines,3,https://www.tripadvisor.com/Airline_Review-d15052988-Reviews-Mauritania-Airlines
370,Maya Island Air,174,https://www.tripadvisor.com/Airline_Review-d8729117-Reviews-Maya-Island-Air
371,Mayair,34,https://www.tripadvisor.com/Airline_Review-d13635965-Reviews-Mayair
372,MIAT Mongolian Airlines,183,https://www.tripadvisor.com/Airline_Review-d8729118-Reviews-MIAT-Mongolian-Airlines
373,Middle East Airlines,652,https://www.tripadvisor.com/Airline_Review-d8729119-Reviews-Middle-East-Airlines
374,Mistral Air,303,https://www.tripadvisor.com/Airline_Review-d8728933-Reviews-Mistral-Air
375,Mokulele Airlines,154,https://www.tripadvisor.com/Airline_Review-d10533090-Reviews-Mokulele-Airlines
376,Monarch [no longer operating],3158,https://www.tripadvisor.com/Airline_Review-d8729192-Reviews-Monarch-No-Longer-Operating
377,Montenegro Airlines,274,https://www.tripadvisor.com/Airline_Review-d8729120-Reviews-Montenegro-Airlines
378,Myanmar Airways International,71,https://www.tripadvisor.com/Airline_Review-d8729121-Reviews-Myanmar-Airways-International
379,Myanmar National Airlines,148,https://www.tripadvisor.com/Airline_Review-d12124802-Reviews-Myanmar-National-Airlines
380,MyWay Airlines,1,https://www.tripadvisor.com/Airline_Review-d17550100-Reviews-MyWay-Airlines
381,Nam Air,16,https://www.tripadvisor.com/Airline_Review-d17213151-Reviews-Nam-Air
382,Nature Air (no longer operating),27,https://www.tripadvisor.com/Airline_Review-d13803996-Reviews-Nature-Air-No-Longer-Operating
383,Nauru Airlines,41,https://www.tripadvisor.com/Airline_Review-d10661152-Reviews-Nauru-Airlines
384,Neos,3578,https://www.tripadvisor.com/Airline_Review-d10816881-Reviews-Neos
385,Nepal Airlines,177,https://www.tripadvisor.com/Airline_Review-d8729122-Reviews-Nepal-Airlines
386,NewGen Airways,-1,https://www.tripadvisor.com/Airline_Review-d13804000-Reviews-NewGen-Airways
387,NewLeaf [no longer operating - merged into Flair Airlines],101,https://www.tripadvisor.com/Airline_Review-d12665303-Reviews-NewLeaf-No-Longer-Operating-Merged-Into-Flair-Airlines
388,Nextjet [no longer operating],41,https://www.tripadvisor.com/Airline_Review-d8728882-Reviews-Nextjet-No-Longer-Operating
389,Niki [no longer operating],709,https://www.tripadvisor.com/Airline_Review-d8729123-Reviews-Niki-No-Longer-Operating
390,Nile Air,198,https://www.tripadvisor.com/Airline_Review-d11831100-Reviews-Nile-Air
391,Nok Air,1214,https://www.tripadvisor.com/Airline_Review-d8729124-Reviews-Nok-Air
392,NokScoot,165,https://www.tripadvisor.com/Airline_Review-d8728888-Reviews-NokScoot
393,Nordica,100,https://www.tripadvisor.com/Airline_Review-d10533122-Reviews-Nordica
394,Nordstar Airlines,188,https://www.tripadvisor.com/Airline_Review-d8728937-Reviews-Nordstar-Airlines
395,Nordwind Airlines,1072,https://www.tripadvisor.com/Airline_Review-d10823589-Reviews-Nordwind-Airlines
396,Norwegian,23814,https://www.tripadvisor.com/Airline_Review-d8729125-Reviews-Norwegian
397,Nouvel Air Tunise,657,https://www.tripadvisor.com/Airline_Review-d8729126-Reviews-Nouvel-Air-Tunise
398,NOVOAIR,37,https://www.tripadvisor.com/Airline_Review-d15052989-Reviews-NOVOAIR
399,Okay Airways,22,https://www.tripadvisor.com/Airline_Review-d8729205-Reviews-Okay-Airways
400,Olympic Air [NOT the same as Olympus Airways],822,https://www.tripadvisor.com/Airline_Review-d8728889-Reviews-Olympic-Air-NOT-The-Same-As-Olympus-Airways
401,Oman Air,3705,https://www.tripadvisor.com/Airline_Review-d8729127-Reviews-Oman-Air
402,Onur Air,850,https://www.tripadvisor.com/Airline_Review-d12878331-Reviews-Onur-Air
403,OpenSkies [no longer operating],110,https://www.tripadvisor.com/Airline_Review-d8728981-Reviews-OpenSkies-No-Longer-Operating
404,Orbest,300,https://www.tripadvisor.com/Airline_Review-d10661144-Reviews-Orbest
405,Orient Thai Airlines,42,https://www.tripadvisor.com/Airline_Review-d8729128-Reviews-Orient-Thai-Airlines
406,Pacific Coastal Airlines,108,https://www.tripadvisor.com/Airline_Review-d10816894-Reviews-Pacific-Coastal-Airlines
407,Pakistan International Airlines,349,https://www.tripadvisor.com/Airline_Review-d8729129-Reviews-Pakistan-International-Airlines
408,PAL Airlines (Canada),17,https://www.tripadvisor.com/Airline_Review-d13150564-Reviews-PAL-Airlines-Canada
409,Pascan,7,https://www.tripadvisor.com/Airline_Review-d12977000-Reviews-Pascan
410,Passaredo Linhas Aereas,251,https://www.tripadvisor.com/Airline_Review-d10533107-Reviews-Passaredo-Linhas-Aereas
411,PAWA Dominicana [no longer operating],122,https://www.tripadvisor.com/Airline_Review-d11831120-Reviews-PAWA-Dominicana-No-Longer-Operating
412,Peach Aviation,1230,https://www.tripadvisor.com/Airline_Review-d8728940-Reviews-Peach-Aviation
413,Pegas Fly,177,https://www.tripadvisor.com/Airline_Review-d12977001-Reviews-Pegas-Fly
414,Pegasus Airlines,4640,https://www.tripadvisor.com/Airline_Review-d8728979-Reviews-Pegasus-Airlines
415,Penobscot Island Air,4,https://www.tripadvisor.com/Airline_Review-d11831118-Reviews-Penobscot-Island-Air
416,People's Airline,28,https://www.tripadvisor.com/Airline_Review-d12665308-Reviews-Peoples-Airline
417,Peruvian Airlines,773,https://www.tripadvisor.com/Airline_Review-d10533093-Reviews-Peruvian-Airlines
418,Philippine Airlines (PAL),4028,https://www.tripadvisor.com/Airline_Review-d8729130-Reviews-Philippine-Airlines-PAL
419,Plus Ultra Lineas Aereas,363,https://www.tripadvisor.com/Airline_Review-d12280243-Reviews-Plus-Ultra-Lineas-Aereas
420,PNG Air,19,https://www.tripadvisor.com/Airline_Review-d10816878-Reviews-PNG-Air
421,Pobeda,2623,https://www.tripadvisor.com/Airline_Review-d8728884-Reviews-Pobeda
422,Porter Airlines,1623,https://www.tripadvisor.com/Airline_Review-d8728944-Reviews-Porter-Airlines
423,Precision Air,425,https://www.tripadvisor.com/Airline_Review-d8729131-Reviews-Precision-Air
424,Primera Air [no longer operating],1882,https://www.tripadvisor.com/Airline_Review-d8729132-Reviews-Primera-Air-No-Longer-Operating
425,Proflight Zambia,39,https://www.tripadvisor.com/Airline_Review-d12878341-Reviews-Proflight-Zambia
426,Qantas,17072,https://www.tripadvisor.com/Airline_Review-d8729133-Reviews-Qantas
427,Qatar Airways,25114,https://www.tripadvisor.com/Airline_Review-d8729134-Reviews-Qatar-Airways
428,QAZAQ AIR,9,https://www.tripadvisor.com/Airline_Review-d14190669-Reviews-QAZAQ-AIR
429,Qeshm Airlines,52,https://www.tripadvisor.com/Airline_Review-d8728954-Reviews-Qeshm-Airlines
430,Qingdao Airlines,4,https://www.tripadvisor.com/Airline_Review-d8728963-Reviews-Qingdao-Airlines
431,Ravn Alaska,41,https://www.tripadvisor.com/Airline_Review-d13635966-Reviews-Ravn-Alaska
432,REALtonga,21,https://www.tripadvisor.com/Airline_Review-d10816879-Reviews-REALtonga
433,Red Wings,419,https://www.tripadvisor.com/Airline_Review-d12124798-Reviews-Red-Wings
434,Regent Airways,114,https://www.tripadvisor.com/Airline_Review-d8729135-Reviews-Regent-Airways
435,Regional Air,5,https://www.tripadvisor.com/Airline_Review-d10533108-Reviews-Regional-Air
436,Regional Express Airlines,373,https://www.tripadvisor.com/Airline_Review-d8729193-Reviews-Regional-Express-Airlines
437,Rossiya Russian Airlines,2198,https://www.tripadvisor.com/Airline_Review-d8728941-Reviews-Rossiya-Russian-Airlines
438,Royal Air Maroc,3781,https://www.tripadvisor.com/Airline_Review-d8729136-Reviews-Royal-Air-Maroc
439,Royal Brunei Airlines,886,https://www.tripadvisor.com/Airline_Review-d8729137-Reviews-Royal-Brunei-Airlines
440,Royal Jordanian,1680,https://www.tripadvisor.com/Airline_Review-d8729138-Reviews-Royal-Jordanian
441,Ruili Airlines,4,https://www.tripadvisor.com/Airline_Review-d8729139-Reviews-Ruili-Airlines
442,RusLine,108,https://www.tripadvisor.com/Airline_Review-d11831123-Reviews-RusLine
443,RwandAir,419,https://www.tripadvisor.com/Airline_Review-d8729140-Reviews-RwandAir
444,Ryanair,66900,https://www.tripadvisor.com/Airline_Review-d8729141-Reviews-Ryanair
445,S7 airlines,3495,https://www.tripadvisor.com/Airline_Review-d8728939-Reviews-S7-Airlines
446,Safarilink,39,https://www.tripadvisor.com/Airline_Review-d13150565-Reviews-Safarilink
447,Safi Airways,8,https://www.tripadvisor.com/Airline_Review-d8728968-Reviews-Safi-Airways
448,SalamAir,103,https://www.tripadvisor.com/Airline_Review-d12878332-Reviews-SalamAir
449,Samoa Airlines,39,https://www.tripadvisor.com/Airline_Review-d13635967-Reviews-Samoa-Airlines
450,San German Express,4,https://www.tripadvisor.com/Airline_Review-d11831131-Reviews-San-German-Express
451,SANSA,183,https://www.tripadvisor.com/Airline_Review-d10533104-Reviews-SANSA
452,Saratov/Ivolga [no longer operating],9,https://www.tripadvisor.com/Airline_Review-d12977002-Reviews-SaratovIvolga-No-Longer-Operating
453,SAS,8411,https://www.tripadvisor.com/Airline_Review-d8729142-Reviews-SAS
454,SATA - Azores Airlines,1342,https://www.tripadvisor.com/Airline_Review-d8729143-Reviews-SATA-Azores-Airlines
455,SATENA Colombia,77,https://www.tripadvisor.com/Airline_Review-d12124800-Reviews-SATENA-Colombia
456,Saudia Airlines,2664,https://www.tripadvisor.com/Airline_Review-d8729144-Reviews-Saudia-Airlines
457,SaudiGulf Airlines,29,https://www.tripadvisor.com/Airline_Review-d12878333-Reviews-SaudiGulf-Airlines
458,SCAT Airlines,92,https://www.tripadvisor.com/Airline_Review-d12665297-Reviews-SCAT-Airlines
459,Scoot,4085,https://www.tripadvisor.com/Airline_Review-d8728980-Reviews-Scoot
460,Seaborne Airlines,231,https://www.tripadvisor.com/Airline_Review-d10533125-Reviews-Seaborne-Airlines
461,SereneAir,24,https://www.tripadvisor.com/Airline_Review-d13635968-Reviews-SereneAir
462,Sevenair/AeroVIP,9,https://www.tripadvisor.com/Airline_Review-d11831128-Reviews-SevenairAeroVIP
463,Severstal Air Company,21,https://www.tripadvisor.com/Airline_Review-d11831109-Reviews-Severstal-Air-Company
464,Shaheen Air International,33,https://www.tripadvisor.com/Airline_Review-d8729145-Reviews-Shaheen-Air-International
465,Shandong Airlines,101,https://www.tripadvisor.com/Airline_Review-d8729147-Reviews-Shandong-Airlines
466,Shanghai Airlines,252,https://www.tripadvisor.com/Airline_Review-d8729148-Reviews-Shanghai-Airlines
467,Sharp Airlines,13,https://www.tripadvisor.com/Airline_Review-d13804008-Reviews-Sharp-Airlines
468,Shenzhen Airlines,247,https://www.tripadvisor.com/Airline_Review-d8729215-Reviews-Shenzhen-Airlines
469,Shree,-1,https://www.tripadvisor.com/Airline_Review-d17213156-Reviews-Shree
470,Sichuan Airlines,295,https://www.tripadvisor.com/Airline_Review-d8729149-Reviews-Sichuan-Airlines
471,SilkAir,1772,https://www.tripadvisor.com/Airline_Review-d8729150-Reviews-SilkAir
472,Silver Airways,939,https://www.tripadvisor.com/Airline_Review-d8728925-Reviews-Silver-Airways
473,Silverstone Air,57,https://www.tripadvisor.com/Airline_Review-d13150566-Reviews-Silverstone-Air
474,Simrik Airlines,25,https://www.tripadvisor.com/Airline_Review-d12665307-Reviews-Simrik-Airlines
475,Singapore Airlines,21240,https://www.tripadvisor.com/Airline_Review-d8729151-Reviews-Singapore-Airlines
476,Sky Airline,1551,https://www.tripadvisor.com/Airline_Review-d10533088-Reviews-Sky-Airline
477,Sky Angkor Airlines,4,https://www.tripadvisor.com/Airline_Review-d13804011-Reviews-Sky-Angkor-Airlines
478,Sky Express Airline,840,https://www.tripadvisor.com/Airline_Review-d10533112-Reviews-Sky-Express-Airline
479,Sky Shuttle,2,https://www.tripadvisor.com/Airline_Review-d10816898-Reviews-Sky-Shuttle
480,Skyjet Airlines,193,https://www.tripadvisor.com/Airline_Review-d11831106-Reviews-Skyjet-Airlines
481,Skymark Airlines,339,https://www.tripadvisor.com/Airline_Review-d8729152-Reviews-Skymark-Airlines
482,SkyUp,37,https://www.tripadvisor.com/Airline_Review-d17213159-Reviews-SkyUp
483,Skyway Airlines,-1,https://www.tripadvisor.com/Airline_Review-d17550101-Reviews-Skyway-Airlines
484,SkyWork Airlines [no longer operating],130,https://www.tripadvisor.com/Airline_Review-d11831121-Reviews-SkyWork-Airlines-No-Longer-Operating
485,Small Planet Airlines [no longer operating,3399,https://www.tripadvisor.com/Airline_Review-d10533121-Reviews-Small-Planet-Airlines-No-Longer-Operating
486,Smartavia,259,https://www.tripadvisor.com/Airline_Review-d8728883-Reviews-Smartavia
487,SmartWings,2229,https://www.tripadvisor.com/Airline_Review-d8729153-Reviews-SmartWings
488,Solaseed Air,147,https://www.tripadvisor.com/Airline_Review-d8728974-Reviews-Solaseed-Air
489,Solomon Airlines,39,https://www.tripadvisor.com/Airline_Review-d10533091-Reviews-Solomon-Airlines
490,Somon Air,24,https://www.tripadvisor.com/Airline_Review-d8729154-Reviews-Somon-Air
491,Sosa (Aerolineas Sosa),28,https://www.tripadvisor.com/Airline_Review-d10816893-Reviews-Sosa-Aerolineas-Sosa
492,Sounds Air,44,https://www.tripadvisor.com/Airline_Review-d10816896-Reviews-Sounds-Air
493,South African Airways,4253,https://www.tripadvisor.com/Airline_Review-d8729155-Reviews-South-African-Airways
494,Southern Airways Express,84,https://www.tripadvisor.com/Airline_Review-d12665300-Reviews-Southern-Airways-Express
495,Southwest Airlines,38243,https://www.tripadvisor.com/Airline_Review-d8729156-Reviews-Southwest-Airlines
496,SpiceJet,2891,https://www.tripadvisor.com/Airline_Review-d8728949-Reviews-SpiceJet
497,Spirit Airlines,14826,https://www.tripadvisor.com/Airline_Review-d8729157-Reviews-Spirit-Airlines
498,Spring Airlines,304,https://www.tripadvisor.com/Airline_Review-d8728929-Reviews-Spring-Airlines
499,Spring Airlines Japan,132,https://www.tripadvisor.com/Airline_Review-d8729206-Reviews-Spring-Airlines-Japan
500,SprintAir (Polish airline),3,https://www.tripadvisor.com/Airline_Review-d12280242-Reviews-SprintAir-Polish-Airline
501,SriLankan Airlines,2865,https://www.tripadvisor.com/Airline_Review-d8729216-Reviews-SriLankan-Airlines
502,Sriwijaya Air,658,https://www.tripadvisor.com/Airline_Review-d10661149-Reviews-Sriwijaya-Air
503,St Barth Commuter,13,https://www.tripadvisor.com/Airline_Review-d10533086-Reviews-St-Barth-Commuter
504,Star Peru,180,https://www.tripadvisor.com/Airline_Review-d10533098-Reviews-Star-Peru
505,Starbow [no longer operating],4,https://www.tripadvisor.com/Airline_Review-d12124803-Reviews-Starbow-No-Longer-Operating
506,Starflyer,213,https://www.tripadvisor.com/Airline_Review-d8728965-Reviews-Starflyer
507,Sudan Airways,5,https://www.tripadvisor.com/Airline_Review-d8729158-Reviews-Sudan-Airways
508,Sun Air Express,184,https://www.tripadvisor.com/Airline_Review-d10661147-Reviews-Sun-Air-Express
509,Sun Country Airlines,2317,https://www.tripadvisor.com/Airline_Review-d8700105-Reviews-Sun-Country-Airlines
510,Sundair,25,https://www.tripadvisor.com/Airline_Review-d17213157-Reviews-Sundair
511,SunExpress,1788,https://www.tripadvisor.com/Airline_Review-d8729217-Reviews-SunExpress
512,Sunrise Airways,19,https://www.tripadvisor.com/Airline_Review-d13150567-Reviews-Sunrise-Airways
513,Sunwing Airlines,6666,https://www.tripadvisor.com/Airline_Review-d8729159-Reviews-Sunwing-Airlines
514,Suparna Airlines,2,https://www.tripadvisor.com/Airline_Review-d13804010-Reviews-Suparna-Airlines
515,Surinam Airways,146,https://www.tripadvisor.com/Airline_Review-d8728899-Reviews-Surinam-Airways
516,Swiss International Air Lines,11857,https://www.tripadvisor.com/Airline_Review-d8729160-Reviews-Swiss-International-Air-Lines
517,Swoop,623,https://www.tripadvisor.com/Airline_Review-d15052990-Reviews-Swoop
518,SyrianAir,4,https://www.tripadvisor.com/Airline_Review-d8729218-Reviews-SyrianAir
519,T Way Airlines,264,https://www.tripadvisor.com/Airline_Review-d12124804-Reviews-T-Way-Airlines
520,TAAG Angola Airlines,473,https://www.tripadvisor.com/Airline_Review-d8729161-Reviews-TAAG-Angola-Airlines
521,Taban Air,20,https://www.tripadvisor.com/Airline_Review-d8728951-Reviews-Taban-Air
522,TACV Cabo Verde Airlines,339,https://www.tripadvisor.com/Airline_Review-d8729162-Reviews-TACV-Cabo-Verde-Airlines
523,TAG,20,https://www.tripadvisor.com/Airline_Review-d15052991-Reviews-TAG
524,Tailwind Airlines,102,https://www.tripadvisor.com/Airline_Review-d14190670-Reviews-Tailwind-Airlines
525,Tajik Air,4,https://www.tripadvisor.com/Airline_Review-d13803997-Reviews-Tajik-Air
526,TAM Airlines Brazil,5442,https://www.tripadvisor.com/Airline_Review-d8729163-Reviews-TAM-Airlines-Brazil
527,TAME Vuela Ecuador,488,https://www.tripadvisor.com/Airline_Review-d10533111-Reviews-TAME-Vuela-Ecuador
528,TAP Air Portugal,16379,https://www.tripadvisor.com/Airline_Review-d8729164-Reviews-TAP-Air-Portugal
529,TAR Aerolineas,197,https://www.tripadvisor.com/Airline_Review-d12665299-Reviews-TAR-Aerolineas
530,TAROM,981,https://www.tripadvisor.com/Airline_Review-d8729165-Reviews-TAROM
531,Thai Airways,13597,https://www.tripadvisor.com/Airline_Review-d8729166-Reviews-Thai-Airways
532,Thai Lion Air,1189,https://www.tripadvisor.com/Airline_Review-d10816884-Reviews-Thai-Lion-Air
533,THAI Smile Airways,4174,https://www.tripadvisor.com/Airline_Review-d8729212-Reviews-THAI-Smile-Airways
534,Thai Vietjet,5,https://www.tripadvisor.com/Airline_Review-d17550102-Reviews-Thai-Vietjet
535,Thomas Cook Airlines (UK),13590,https://www.tripadvisor.com/Airline_Review-d8728952-Reviews-Thomas-Cook-Airlines-UK
536,Thomas Cook Airlines Belgium [no longer operating],165,https://www.tripadvisor.com/Airline_Review-d11831114-Reviews-Thomas-Cook-Airlines-Belgium-No-Longer-Operating
537,Thomas Cook Airlines Scandinavia,1032,https://www.tripadvisor.com/Airline_Review-d11831115-Reviews-Thomas-Cook-Airlines-Scandinavia
538,Tianjin Airlines,69,https://www.tripadvisor.com/Airline_Review-d8728953-Reviews-Tianjin-Airlines
539,Tiara Air Aruba,4,https://www.tripadvisor.com/Airline_Review-d8728890-Reviews-Tiara-Air-Aruba
540,Tibet Airlines,23,https://www.tripadvisor.com/Airline_Review-d8729168-Reviews-Tibet-Airlines
541,tigerair australia,2558,https://www.tripadvisor.com/Airline_Review-d8729043-Reviews-Tigerair-Australia
542,Tigerair Singapore [no longer operating],664,https://www.tripadvisor.com/Airline_Review-d8729221-Reviews-Tigerair-Singapore-No-Longer-Operating
543,tigerair taiwan,665,https://www.tripadvisor.com/Airline_Review-d8728897-Reviews-Tigerair-Taiwan
544,Tradewind Aviation,28,https://www.tripadvisor.com/Airline_Review-d10533087-Reviews-Tradewind-Aviation
545,Trans Air Congo (TAC),1,https://www.tripadvisor.com/Airline_Review-d17213153-Reviews-Trans-Air-Congo-TAC
546,Trans Guyana,4,https://www.tripadvisor.com/Airline_Review-d12280233-Reviews-Trans-Guyana
547,Trans Maldivian,159,https://www.tripadvisor.com/Airline_Review-d11831127-Reviews-Trans-Maldivian
548,Transavia,58413,https://www.tripadvisor.com/Airline_Review-d8729171-Reviews-Transavia
549,TransNusa,6,https://www.tripadvisor.com/Airline_Review-d15052992-Reviews-TransNusa
550,Trigana Air Service,44,https://www.tripadvisor.com/Airline_Review-d10816895-Reviews-Trigana-Air-Service
551,Tropic Air Belize,261,https://www.tripadvisor.com/Airline_Review-d10533105-Reviews-Tropic-Air-Belize
552,Tropic Ocean Airways,1,https://www.tripadvisor.com/Airline_Review-d17213158-Reviews-Tropic-Ocean-Airways
553,Trujet,74,https://www.tripadvisor.com/Airline_Review-d12665306-Reviews-Trujet
554,TUI Airlines Netherlands,1734,https://www.tripadvisor.com/Airline_Review-d8729195-Reviews-TUI-Airlines-Netherlands
555,TUI Airways (United Kingdom),15319,https://www.tripadvisor.com/Airline_Review-d8729167-Reviews-TUI-Airways-United-Kingdom
556,TUI fly Belgium (formerly Jetairfly),4083,https://www.tripadvisor.com/Airline_Review-d8869165-Reviews-TUI-Fly-Belgium-Formerly-Jetairfly
557,TUIfly (Germany),2718,https://www.tripadvisor.com/Airline_Review-d8729172-Reviews-TUIfly-Germany
558,Tunisair,2031,https://www.tripadvisor.com/Airline_Review-d8729173-Reviews-Tunisair
559,Turkish Airlines,25235,https://www.tripadvisor.com/Airline_Review-d8729174-Reviews-Turkish-Airlines
560,Turkmenistan Airlines,190,https://www.tripadvisor.com/Airline_Review-d8729175-Reviews-Turkmenistan-Airlines
561,Tus Air,164,https://www.tripadvisor.com/Airline_Review-d12124795-Reviews-Tus-Air
562,Twin Jet,26,https://www.tripadvisor.com/Airline_Review-d12280237-Reviews-Twin-Jet
563,Ukraine International Airlines,3060,https://www.tripadvisor.com/Airline_Review-d8729176-Reviews-Ukraine-International-Airlines
564,Uni Air,72,https://www.tripadvisor.com/Airline_Review-d10823592-Reviews-Uni-Air
565,United Airlines,43338,https://www.tripadvisor.com/Airline_Review-d8729177-Reviews-United-Airlines
566,Ural Airlines,2149,https://www.tripadvisor.com/Airline_Review-d8729178-Reviews-Ural-Airlines
567,Urumqi Air,4,https://www.tripadvisor.com/Airline_Review-d8728945-Reviews-Urumqi-Air
568,US-Bangla Airlines,90,https://www.tripadvisor.com/Airline_Review-d10661140-Reviews-USBangla-Airlines
569,Utair,1000,https://www.tripadvisor.com/Airline_Review-d8729219-Reviews-Utair
570,Uzbekistan Airways,567,https://www.tripadvisor.com/Airline_Review-d8729179-Reviews-Uzbekistan-Airways
571,Vanilla Air,805,https://www.tripadvisor.com/Airline_Review-d8728982-Reviews-Vanilla-Air
572,VASCO,15,https://www.tripadvisor.com/Airline_Review-d11831117-Reviews-VASCO
573,Veca Airlines [no longer operating],12,https://www.tripadvisor.com/Airline_Review-d10533123-Reviews-Veca-Airlines-No-Longer-Operating
574,Via Airlines,223,https://www.tripadvisor.com/Airline_Review-d13635970-Reviews-Via-Airlines
575,Vieques Air Link,56,https://www.tripadvisor.com/Airline_Review-d8728901-Reviews-Vieques-Air-Link
576,VietJetAir,3100,https://www.tripadvisor.com/Airline_Review-d8728891-Reviews-VietJetAir
577,Vietnam Airlines,6581,https://www.tripadvisor.com/Airline_Review-d8729180-Reviews-Vietnam-Airlines
578,Vim Airlines [no longer operating],160,https://www.tripadvisor.com/Airline_Review-d10823594-Reviews-Vim-Airlines-No-Longer-Operating
579,Virgin America (now Alaska Airlines),2189,https://www.tripadvisor.com/Airline_Review-d8729181-Reviews-Virgin-America-Now-Alaska-Airlines
580,Virgin Atlantic Airways,12984,https://www.tripadvisor.com/Airline_Review-d8729182-Reviews-Virgin-Atlantic-Airways
581,Virgin Australia,9894,https://www.tripadvisor.com/Airline_Review-d8728931-Reviews-Virgin-Australia
582,Vistara,2148,https://www.tripadvisor.com/Airline_Review-d8729207-Reviews-Vistara
583,Viva Aerobus,2438,https://www.tripadvisor.com/Airline_Review-d10533096-Reviews-Viva-Aerobus
584,Viva Air (Colombia),1229,https://www.tripadvisor.com/Airline_Review-d10661148-Reviews-Viva-Air-Colombia
585,Viva Air (Peru),507,https://www.tripadvisor.com/Airline_Review-d14190671-Reviews-Viva-Air-Peru
586,VLM Airlines [no longer operating],9,https://www.tripadvisor.com/Airline_Review-d14190672-Reviews-VLM-Airlines-No-Longer-Operating
587,Volaris,4792,https://www.tripadvisor.com/Airline_Review-d8729184-Reviews-Volaris
588,Volotea,10598,https://www.tripadvisor.com/Airline_Review-d10533097-Reviews-Volotea
589,Vueling Airlines,21958,https://www.tripadvisor.com/Airline_Review-d8729185-Reviews-Vueling-Airlines
590,Wamos Air,1680,https://www.tripadvisor.com/Airline_Review-d10816891-Reviews-Wamos-Air
591,Wantaniya Airways [no longer operating],18,https://www.tripadvisor.com/Airline_Review-d12977003-Reviews-Wantaniya-Airways-No-Longer-Operating
592,Wasaya Airways,-1,https://www.tripadvisor.com/Airline_Review-d12878334-Reviews-Wasaya-Airways
593,West Air,73,https://www.tripadvisor.com/Airline_Review-d8728942-Reviews-West-Air
594,WestJet,12928,https://www.tripadvisor.com/Airline_Review-d8729186-Reviews-WestJet
595,Wideroe,316,https://www.tripadvisor.com/Airline_Review-d10533102-Reviews-Wideroe
596,Winair,116,https://www.tripadvisor.com/Airline_Review-d8728880-Reviews-Winair
597,Windrose Air,144,https://www.tripadvisor.com/Airline_Review-d13635969-Reviews-Windrose-Air
598,Wingo,310,https://www.tripadvisor.com/Airline_Review-d12977004-Reviews-Wingo
599,Wings Air,264,https://www.tripadvisor.com/Airline_Review-d12280231-Reviews-Wings-Air
600,Wizz Air,12954,https://www.tripadvisor.com/Airline_Review-d8729187-Reviews-Wizz-Air
601,WOW air [no longer operating],9107,https://www.tripadvisor.com/Airline_Review-d8728919-Reviews-WOW-Air-No-Longer-Operating
602,Xiamen Airlines,552,https://www.tripadvisor.com/Airline_Review-d8729188-Reviews-Xiamen-Airlines
603,XL Airways,1825,https://www.tripadvisor.com/Airline_Review-d10533099-Reviews-XL-Airways
604,Xpressair,2,https://www.tripadvisor.com/Airline_Review-d14190673-Reviews-Xpressair
605,Yakutia Air,142,https://www.tripadvisor.com/Airline_Review-d8728881-Reviews-Yakutia-Air
606,Yamal Airlines,86,https://www.tripadvisor.com/Airline_Review-d12665302-Reviews-Yamal-Airlines
607,Yanair,143,https://www.tripadvisor.com/Airline_Review-d11831103-Reviews-Yanair
608,Yemenia,4,https://www.tripadvisor.com/Airline_Review-d8729189-Reviews-Yemenia
609,Yeti Airlines,181,https://www.tripadvisor.com/Airline_Review-d8728887-Reviews-Yeti-Airlines
610,Zagros Airlines,27,https://www.tripadvisor.com/Airline_Review-d10816885-Reviews-Zagros-Airlines
611,9 Air,8,https://www.tripadvisor.com/Airline_Review-d8728971-Reviews-9-Air
