('aegeanair', 100, 309098)
('aerlingus', 100, 234525)
('aeromar', 100, 253507)
('airantilles', 100, 184352)
('airarabia', 100, 406947)
('airchina', 100, 14378)
('airdolomiti', 90, 166082)
('airdolomiti', 100, 166082)
('aireuropa', 100, 72321)
('travelfairindia', 90, 329723)
('air', 100, 35550)
('airmoldova', 100, 27868)
('airserbia', 100, 412807)
('arenaud@airseychelles', 90, 184891)
('airtahiti', 100, 421193)
('altairviajes', 90, 122568)
('airasia', 100, 32308)
('airasia', 100, 32308)
('airasia', 100, 32308)
('airasia', 100, 32308)
('airasia', 100, 32308)
('airasia', 100, 32308)
('airasia', 100, 32308)
('airbluecorporate', 90, 212829)
('amaszonas', 100, 143287)
('ana', 100, 278643)
('viacaotangara', 90, 2857)
('anguillaairservices', 100, 316622)
('flyariana', 100, 42362)
('arikair', 100, 232392)
('lccarkia', 90, 222358)
('asercaairlines', 100, 110601)
('atlantict', 94, 70577)
('atlasairfares', 90, 142347)
('atlasglb', 100, 32143)
('aurigny', 100, 256574)
('austral', 100, 107306)
('azaltravel', 90, 83512)
('azimuth', 100, 304850)
('bahamasairtours', 90, 2768)
('bayonairlines', 100, 85684)
('belavia', 100, 320187)
('bhairlines', 100, 208263)
('buddhaair', 100, 75413)
('air', 100, 35550)
('cathaypacific', 100, 7979)
('caymanairways', 100, 36281)
('cebupacificair', 100, 20490)
('bluechairs', 90, 23611)
('csair', 100, 311750)
('citilink', 100, 16648)
('cityjet', 100, 46927)
('localhost/pdcairlines/index', 90, 283898)
('corsairsofmalta', 90, 141053)
('csa', 100, 65371)
('escapadaturistica', 90, 888)
('drukairholidays', 90, 385430)
('elal', 100, 180937)
('ethiopianairlines', 100, 107651)
('eurowings', 100, 206438)
('evaair', 100, 8209)
('etdevelopmemnt', 90, 21508)
('cliffatcupecoy', 90, 4182)
('com', 100, 443)
('fly540', 100, 263249)
('flynas', 100, 44559)
('flyoneworld', 90, 328466)
('com', 100, 443)
('fujidreaming', 86, 381685)
('flygermania', 100, 300261)
('eurowings', 100, 206438)
('flyglobeuk', 90, 313377)
('igoair', 91, 410174)
('voegol', 100, 126301)
('gumair', 100, 218415)
('hkexpress', 100, 201880)
('cheapticketshop', 90, 228)
('flyinselair', 100, 296240)
('intercaribbean', 100, 190156)
('israirairlines', 100, 397543)
('jalikgetaways', 90, 628)
('jetairways', 100, 227193)
('jetgo', 100, 124277)
('jetsmart', 100, 231871)
('jetstar', 100, 14998)
('jetstar', 100, 14998)
('jetstar', 100, 14998)
('jetstar', 100, 14998)
('tripadvisor', 100, 22540)
('jinair', 100, 239428)
('jubbaairways', 100, 55206)
('kanairlines', 100, 262070)
('lacompagniedesterroirs', 90, 90407)
('online', 100, 83658)
('lamoond', 90, 984)
('latam', 100, 262288)
('lanmeiairlines', 100, 189777)
('laoairlines', 100, 366357)
('latam', 100, 262288)
('lcperu', 100, 73142)
('italiatravelservice', 90, 1333)
('lionair', 100, 160522)
('luxair', 100, 201870)
('viajesmagnicharters', 81, 277092)
('malindoair', 100, 12312)
('mayair', 100, 19134)
('miaterraretreats', 90, 11279)
('homeaway', 90, 632)
('mistralair', 100, 95257)
('mokuleleairlines', 100, 260384)
('flymna', 100, 67488)
('flymna', 100, 67488)
('natureair', 100, 33619)
('nokair', 100, 235949)
('nordicactive', 90, 3314)
('norwegiantours', 90, 69672)
('nokair', 91, 235949)
('olympicairporttaxis', 90, 104085)
('forbestravelexcellence', 90, 306772)
('pacificcoastalcruises', 90, 150216)
('piac', 100, 222795)
('pascan', 100, 333148)
('peoples', 100, 73535)
('peruviantours', 90, 30315)
('philippineairlines', 100, 175677)
('qantas', 100, 272278)
('realtonga', 100, 100377)
('rex', 100, 228868)
('rj', 100, 45109)
('hotels72', 90, 78527)
('flysafarilink', 100, 41325)
('holidaysbysaudia', 90, 57508)
('nascatravelone', 90, 11958)
('flyscoot', 100, 34673)
('flysevenair', 84, 57784)
('shanghaiairporttransportation', 90, 413710)
('singaporeair', 100, 1124)
('silverairways', 100, 351755)
('abskyexpress', 91, 383050)
('smartwings', 100, 31368)
('flysaa', 100, 65154)
('bspirit', 92, 268372)
('ch', 100, 31958)
('ch', 100, 31958)
('starperu', 100, 86770)
('sunexpress', 100, 138307)
('sunwing', 100, 29425)
('okyzrinjanitrekking', 90, 135924)
('swissp', 91, 112818)
('flyswoop', 100, 66385)
('tag', 100, 241801)
('tailwindtours', 90, 154678)
('latam', 100, 262288)
('tame', 100, 186765)
('flytap', 100, 29047)
('anticapostaroma', 90, 258594)
('thaiairways', 100, 6069)
('vietjetair', 100, 170460)
('thomascookairlines', 100, 252307)
('thomascookairlines', 100, 252307)
('thomascookairlines', 100, 252307)
('tiaraair', 100, 302023)
('com', 100, 443)
('flyscoot', 100, 34673)
('flyscoot', 100, 34673)
('transguyana', 100, 289839)
('transavia', 100, 2448)
('tropicair', 100, 351523)
('tui', 100, 504)
('uralairlines', 100, 61826)
('hainautairservices', 90, 267483)
('vasco', 100, 24606)
('vietjetair', 100, 170460)
('virginaustralia', 100, 13414)
('vivaaerobus', 100, 370935)
('vivaair', 100, 186173)
('vivaair', 100, 186173)
('volotea', 100, 107547)
('wasaya', 100, 103469)
('midwestairlines', 90, 47737)
('windrose', 100, 163667)
('wizzair', 100, 124215)
('wowairfare', 90, 363360)
('xiamenair', 100, 186065)
('xl', 100, 421034)
('expressairporttransfer', 90, 63341)
('yakutia', 100, 4695)
('syamalacabs', 90, 389951)
('ryanair', 92, 41990)